ID,$R_x$,$R_y$,$R_z$,arrangement,clustering,tetrahedra,vertices,triangles,triangles discarded,$T_{total}$,$T_{alloc}$,$T_{sampling}$,vertex time,geometry time,normal time,allocation time %,sampling time %,vertex time %,geometry time %,normal time %,sample point bytes,edge bytes,vertex buffer bytes,index buffer bytes,sample point alloc relative,edge alloc relative,tetrahedra eval relative,discarded tri fraction,tri area mean,tri area SD,tri AR mean,tri AR SD
ss_bu,50,50,50,BCDL,NONE,160992,50865,101720,0,0.017845,0.000771,0.007032,0.006958,0.003084,0.000627,4.321588%,39.407093%,38.989619%,17.281701%,3.512159,1114048,16153696,1220760,1220640,102.149628%,212.761185%,10.522353%,0.000000%,0.000124,0.000105,775.931408,12057.925607
ss_bi,50,50,50,BCDL,INTEGRATED,160992,13605,27200,105086,0.018174,0.000698,0.007116,0.007478,0.002881,0.000171,3.840374%,39.156155%,41.148842%,15.854629%,0.942013,1114048,16153696,326520,326400,102.149628%,212.761185%,10.522353%,79.438492%,0.000462,0.00009,2.161832,58.665595
ss_bp,50,50,50,BCDL,POSTPROCESSED,160992,13074,26144,75576,0.059563,0.00073,0.011217,0.006366,0.041249,0.000138,1.226126%,18.832541%,10.687893%,69.253440%,0.231342,1114048,16153696,313776,313728,102.149628%,212.761185%,10.522353%,74.298073%,0.00048,0.000134,1.231882,0.206275
ss_su,50,50,50,SIMPLE,NONE,70104,35098,70192,0,0.011801,0.000269,0.006602,0.003144,0.001786,0.000412,2.278893%,55.945134%,26.642868%,15.133105%,3.489682,530604,7693758,842352,842304,112.751480%,217.804962%,9.347199%,0.000000%,0.000179,0.000159,1207.366565,15880.640051
ss_si,50,50,50,SIMPLE,INTEGRATED,70104,9296,18588,72356,0.012218,0.000265,0.006574,0.003633,0.001745,0.000107,2.167472%,53.809772%,29.737377%,14.285379%,0.876377,530604,7693758,223104,223056,112.751480%,217.804962%,9.347199%,79.561050%,0.000676,0.000196,1.337778,0.276605
ss_sp,50,50,50,SIMPLE,POSTPROCESSED,70104,10685,21366,48826,0.040337,0.000329,0.010834,0.003104,0.026069,0.000116,0.816432%,26.859610%,7.695445%,64.628513%,0.287253,530604,7693758,256440,256392,112.751480%,217.804962%,9.347199%,69.560638%,0.000589,0.000228,1.384396,0.318935
as_bu,50,50,50,BCDL,NONE,72240,22550,45096,0,0.028793,0.000719,0.02034,0.00625,0.001484,0.000262,2.496916%,70.642916%,21.707364%,5.152804%,0.908452,1114048,16153696,541200,541152,102.149628%,212.761185%,4.721569%,0.000000%,0.000124,0.0001,5.809247,78.560653
as_bi,50,50,50,BCDL,INTEGRATED,72240,6012,12020,46530,0.029352,0.000674,0.020583,0.006675,0.00142,0.000068,2.297475%,70.122783%,22.741242%,4.838500%,0.232566,1114048,16153696,144288,144240,102.149628%,212.761185%,4.721569%,79.470535%,0.000463,0.000097,1.162554,0.146466
as_bp,50,50,50,BCDL,POSTPROCESSED,72240,5665,11326,33770,0.045844,0.000678,0.021526,0.006226,0.017414,0.000061,1.478645%,46.954501%,13.580768%,37.986086%,0.133419,1114048,16153696,135960,135912,102.149628%,212.761185%,4.721569%,74.884689%,0.000492,0.000141,1.234748,0.214262
as_su,50,50,50,SIMPLE,NONE,31572,15840,31676,0,0.016577,0.000315,0.012256,0.002879,0.001127,0.000178,1.898955%,73.934923%,17.368779%,6.797343%,1.076105,530604,7693758,380160,380112,112.751480%,217.804962%,4.209600%,0.000000%,0.000176,0.000154,6.530416,106.33872
as_si,50,50,50,SIMPLE,INTEGRATED,31572,4172,8340,32743,0.017228,0.00031,0.012545,0.003225,0.001149,0.000049,1.798095%,72.813615%,18.721104%,6.667185%,0.28727,530604,7693758,100128,100080,112.751480%,217.804962%,4.209600%,79.699631%,0.000665,0.000194,1.333388,0.275604
as_sp,50,50,50,SIMPLE,POSTPROCESSED,31572,4697,9390,22286,0.030613,0.000331,0.015932,0.002828,0.011522,0.000051,1.081484%,52.043121%,9.239373%,37.636022%,0.165733,530604,7693758,112728,112680,112.751480%,217.804962%,4.209600%,70.356110%,0.000592,0.000227,1.389157,0.323279
bs_bu,75,40,56,BCDL,NONE,122808,37332,74660,0,10.020782,0.001457,10.006964,0.010069,0.002293,0.000432,0.014543%,99.862100%,0.100477%,0.022880%,0.004312,1487640,21570780,895968,895920,102.035164%,211.999863%,5.979667%,0.000000%,0.000031,0.000025,9.432643,522.4508
bs_bi,75,40,56,BCDL,INTEGRATED,122808,10256,20508,77111,9.904576,0.001341,9.889858,0.01118,0.002197,0.000118,0.013541%,99.851397%,0.112879%,0.022183%,0.001195,1487640,21570780,246144,246096,102.035164%,211.999863%,5.979667%,78.991791%,0.000113,0.000023,1.171341,0.156059
bs_bp,75,40,56,BCDL,POSTPROCESSED,122808,9669,19334,55326,10.004375,0.001302,9.963261,0.010107,0.029705,0.000106,0.013014%,99.589039%,0.101023%,0.296924%,0.001057,1487640,21570780,232056,232008,102.035164%,211.999863%,5.979667%,74.103943%,0.00012,0.000034,1.235127,0.211133
bs_su,75,40,56,SIMPLE,NONE,50910,25384,50764,0,5.955107,0.000467,5.949114,0.003909,0.001618,0.000283,0.007845%,99.899349%,0.065635%,0.027171%,0.00475,710448,10301496,609216,609168,111.895668%,216.628128%,5.050595%,0.000000%,0.000046,0.000041,7.891359,187.62949
bs_si,75,40,56,SIMPLE,INTEGRATED,50910,6579,13154,52610,5.979436,0.000484,5.972603,0.004672,0.001677,0.000075,0.008095%,99.885724%,0.078137%,0.028044%,0.001249,710448,10301496,157896,157848,111.895668%,216.628128%,5.050595%,79.998177%,0.000175,0.000049,1.346908,0.276586
bs_sp,75,40,56,SIMPLE,POSTPROCESSED,50910,7616,15228,35536,5.856473,0.000651,5.83354,0.004042,0.01824,0.000089,0.011117%,99.608412%,0.069020%,0.311450%,0.001523,710448,10301496,182784,182736,111.895668%,216.628128%,5.050595%,70.002365%,0.000152,0.000057,1.385136,0.320926